"","profile pic","nums/length username","fullname words","nums/length fullname","name==username","description length","external URL","private","#posts","#followers","#follows","fake"
"1","1","Medio","Corto","Bajo","0","Medio","0","0","Medio","Alto","Alto","0"
"2","1","Bajo","Medio","Bajo","0","Corto","0","0","Alto","Alto","Medio-Alto","0"
"3","1","Bajo","Medio","Bajo","0","Corto","0","1","Medio","Medio-Alto","Medio-Bajo","0"
"4","1","Bajo","Corto","Bajo","0","Medio","0","0","Alto","Medio-Alto","Alto","0"
"5","1","Bajo","Medio","Bajo","0","Corto","0","1","Bajo","Medio-Alto","Medio-Bajo","0"
"6","1","Bajo","Medio","Bajo","0","Medio","1","0","Alto","Alto","Medio-Bajo","0"
"7","1","Bajo","Medio","Bajo","0","Corto","0","0","Medio","Medio-Bajo","Medio-Bajo","0"
"8","1","Bajo","Medio","Bajo","0","Corto","0","0","Medio","Alto","Medio-Bajo","0"
"9","1","Bajo","Corto","Bajo","0","Medio","0","0","Medio","Alto","Alto","0"
"10","1","Bajo","Medio","Bajo","0","Corto","1","0","Alto","Alto","Alto","0"
"11","1","Bajo","Medio","Bajo","0","Medio","0","0","Alto","Alto","Alto","0"
"12","1","Bajo","Medio","Bajo","0","Medio","1","0","Medio","Alto","Medio-Alto","0"
"13","1","Bajo","Medio","Bajo","0","Corto","1","0","Alto","Alto","Medio-Alto","0"
"14","1","Bajo","Medio","Bajo","0","Largo","1","0","Alto","Alto","Medio-Alto","0"
"15","1","Bajo","Medio","Bajo","0","Medio","1","0","Alto","Alto","Alto","0"
"16","1","Bajo","Medio","Bajo","0","Corto","0","0","Alto","Alto","Alto","0"
"17","1","Bajo","Medio","Bajo","0","Corto","0","0","Medio","Alto","Medio-Alto","0"
"18","1","Medio","Medio","Bajo","0","Corto","0","0","Alto","Alto","Alto","0"
"19","1","Bajo","Medio","Bajo","0","Medio","1","0","Alto","Alto","Alto","0"
"20","1","Bajo","Medio","Bajo","0","Largo","1","0","Alto","Alto","Alto","0"
"21","1","Bajo","Medio","Bajo","0","Corto","0","0","Alto","Alto","Alto","0"
"22","1","Bajo","Corto","Bajo","0","Corto","1","1","Medio","Alto","Medio-Alto","0"
"23","1","Bajo","Medio","Bajo","0","Corto","0","0","Alto","Medio-Alto","Medio-Alto","0"
"24","1","Bajo","Corto","Bajo","0","Corto","0","0","Alto","Alto","Alto","0"
"25","1","Bajo","Corto","Bajo","0","Corto","0","0","Alto","Alto","Medio-Bajo","0"
"26","1","Bajo","Corto","Bajo","0","Largo","1","1","Medio","Medio-Bajo","Medio-Bajo","0"
"27","1","Bajo","Largo","Bajo","0","Corto","0","1","Medio","Medio-Alto","Alto","0"
"28","1","Bajo","Medio","Bajo","0","Largo","1","0","Alto","Alto","Medio-Bajo","0"
"29","1","Bajo","Medio","Bajo","0","Largo","1","0","Alto","Alto","Medio-Bajo","0"
"30","1","Bajo","Medio","Bajo","0","Largo","0","1","Medio","Medio-Alto","Medio-Bajo","0"
"31","1","Bajo","Medio","Bajo","0","Largo","0","1","Alto","Medio-Alto","Alto","0"
"32","1","Medio","Corto","Bajo","0","Corto","0","1","Medio","Alto","Alto","0"
"33","1","Bajo","Medio","Bajo","0","Corto","0","1","Alto","Medio-Alto","Medio-Bajo","0"
"34","1","Bajo","Medio","Bajo","0","Corto","0","0","Alto","Alto","Alto","0"
"35","1","Bajo","Medio","Bajo","0","Medio","1","0","Alto","Alto","Alto","0"
"36","1","Medio","Medio","Bajo","0","Corto","0","0","Alto","Alto","Alto","0"
"37","1","Medio","Corto","Bajo","0","Corto","0","1","Medio","Medio-Alto","Medio-Alto","0"
"38","1","Bajo","Medio","Bajo","0","Medio","0","0","Medio","Medio-Alto","Alto","0"
"39","1","Bajo","Medio","Bajo","0","Largo","0","1","Medio","Medio-Bajo","Medio-Bajo","0"
"40","1","Bajo","Medio","Bajo","0","Corto","0","0","Bajo","Medio-Bajo","Medio-Bajo","0"
"41","1","Bajo","Corto","Bajo","0","Corto","0","0","Alto","Alto","Bajo","0"
"42","1","Bajo","Medio","Bajo","0","Corto","1","0","Alto","Alto","Medio-Alto","0"
"43","1","Bajo","Medio","Bajo","0","Corto","0","0","Alto","Alto","Alto","0"
"44","1","Bajo","Medio","Bajo","0","Largo","1","0","Alto","Alto","Bajo","0"
"45","1","Bajo","Medio","Bajo","0","Corto","0","0","Alto","Alto","Bajo","0"
"46","1","Bajo","Medio","Bajo","0","Medio","0","0","Alto","Alto","Bajo","0"
"47","1","Bajo","Medio","Bajo","0","Corto","0","1","Bajo","Medio-Bajo","Medio-Bajo","0"
"48","1","Bajo","Medio","Bajo","0","Corto","0","1","Medio","Medio-Alto","Medio-Bajo","0"
"49","1","Bajo","Corto","Bajo","0","Corto","0","0","Alto","Medio-Alto","Medio-Alto","0"
"50","1","Bajo","Corto","Bajo","0","Corto","0","0","Alto","Alto","Alto","0"
"51","1","Bajo","Medio","Bajo","0","Medio","1","0","Alto","Alto","Medio-Alto","0"
"52","1","Bajo","Medio","Bajo","0","Medio","0","0","Alto","Alto","Alto","0"
"53","1","Bajo","Corto","Bajo","0","Largo","1","0","Alto","Alto","Medio-Alto","0"
"54","1","Bajo","Medio","Medio","0","Corto","1","0","Alto","Alto","Alto","0"
"55","1","Bajo","Corto","Bajo","0","Medio","0","0","Medio","Medio-Alto","Medio-Alto","0"
"56","1","Medio","Corto","Bajo","0","Corto","1","0","Medio","Medio-Bajo","Medio-Alto","0"
"57","1","Bajo","Medio","Bajo","0","Medio","0","0","Medio","Alto","Alto","0"
"58","1","Bajo","Corto","Bajo","0","Corto","0","1","Alto","Medio-Alto","Medio-Alto","0"
"59","1","Bajo","Corto","Bajo","0","Corto","0","0","Medio","Alto","Alto","0"
"60","1","Medio","Medio","Bajo","0","Corto","0","0","Medio","Alto","Medio-Bajo","0"
"61","1","Bajo","Corto","Bajo","0","Corto","0","0","Medio","Medio-Bajo","Medio-Bajo","0"
"62","1","Bajo","Corto","Bajo","0","Corto","1","0","Medio","Medio-Alto","Medio-Alto","0"
"63","1","Medio","Medio","Bajo","0","Corto","0","0","Medio","Medio-Bajo","Medio-Bajo","0"
"64","1","Bajo","Corto","Bajo","0","Medio","1","0","Alto","Alto","Medio-Bajo","0"
"65","1","Bajo","Medio","Bajo","0","Largo","1","0","Alto","Alto","Medio-Alto","0"
"66","1","Bajo","Medio","Bajo","0","Medio","1","0","Alto","Alto","Alto","0"
"67","1","Bajo","Medio","Bajo","0","Medio","0","0","Medio","Medio-Alto","Medio-Alto","0"
"68","1","Bajo","Corto","Bajo","0","Corto","0","0","Alto","Alto","Alto","0"
"69","1","Bajo","Medio","Bajo","0","Medio","1","0","Alto","Alto","Alto","0"
"70","1","Bajo","Medio","Bajo","0","Corto","0","0","Alto","Medio-Alto","Alto","0"
"71","1","Medio","Medio","Bajo","0","Medio","0","0","Medio","Medio-Alto","Medio-Alto","0"
"72","1","Bajo","Corto","Bajo","0","Medio","0","0","Medio","Medio-Alto","Medio-Alto","0"
"73","1","Bajo","Corto","Bajo","0","Corto","0","1","Bajo","Medio-Alto","Medio-Bajo","0"
"74","1","Bajo","Medio","Bajo","0","Corto","0","0","Medio","Medio-Alto","Medio-Alto","0"
"75","1","Medio","Medio","Bajo","0","Corto","0","1","Bajo","Medio-Alto","Medio-Alto","0"
"76","1","Bajo","Corto","Bajo","0","Corto","0","1","Bajo","Bajo","Bajo","0"
"77","1","Bajo","Medio","Bajo","0","Corto","0","1","Alto","Medio-Alto","Alto","0"
"78","1","Bajo","Medio","Bajo","0","Corto","0","1","Medio","Medio-Alto","Medio-Alto","0"
"79","1","Bajo","Medio","Bajo","0","Corto","0","0","Alto","Medio-Alto","Medio-Alto","0"
"80","1","Medio","Corto","Bajo","0","Corto","0","0","Alto","Alto","Alto","0"
"81","1","Bajo","Medio","Bajo","0","Corto","0","0","Medio","Medio-Alto","Medio-Alto","0"
"82","1","Bajo","Medio","Bajo","0","Corto","0","1","Medio","Medio-Alto","Medio-Alto","0"
"83","1","Bajo","Medio","Bajo","0","Medio","1","0","Alto","Alto","Medio-Alto","0"
"84","1","Bajo","Medio","Bajo","0","Corto","0","0","Alto","Alto","Alto","0"
"85","1","Bajo","Medio","Bajo","0","Corto","1","0","Alto","Alto","Medio-Alto","0"
"86","1","Bajo","Medio","Bajo","0","Corto","1","0","Medio","Alto","Medio-Alto","0"
"87","1","Bajo","Corto","Bajo","0","Medio","0","0","Alto","Alto","Alto","0"
"88","1","Bajo","Corto","Bajo","0","Corto","1","1","Alto","Alto","Alto","0"
"89","1","Bajo","Corto","Bajo","0","Corto","0","0","Alto","Alto","Alto","0"
"90","1","Bajo","Corto","Bajo","0","Corto","0","0","Medio","Alto","Alto","0"
"91","1","Bajo","Medio","Bajo","0","Corto","0","1","Alto","Alto","Alto","0"
"92","1","Bajo","Medio","Bajo","0","Medio","0","1","Medio","Alto","Alto","0"
"93","1","Bajo","Corto","Bajo","0","Corto","0","1","Alto","Alto","Alto","0"
"94","1","Bajo","Medio","Bajo","0","Medio","0","0","Medio","Medio-Alto","Medio-Alto","0"
"95","1","Bajo","Corto","Bajo","0","Corto","0","0","Medio","Alto","Alto","0"
"96","1","Bajo","Medio","Bajo","0","Medio","0","1","Alto","Alto","Alto","0"
"97","1","Bajo","Corto","Bajo","0","Corto","0","0","Medio","Medio-Alto","Alto","0"
"98","1","Bajo","Corto","Bajo","0","Corto","0","0","Alto","Alto","Medio-Alto","0"
"99","1","Bajo","Corto","Bajo","0","Corto","1","0","Alto","Alto","Alto","0"
"100","1","Bajo","Medio","Bajo","0","Corto","0","0","Alto","Medio-Alto","Medio-Alto","0"
"101","1","Bajo","Medio","Bajo","0","Corto","0","1","Alto","Alto","Medio-Alto","0"
"102","1","Bajo","Corto","Bajo","0","Corto","0","1","Medio","Medio-Bajo","Bajo","0"
"103","1","Bajo","Medio","Bajo","0","Corto","0","1","Alto","Medio-Alto","Medio-Bajo","0"
"104","1","Bajo","Corto","Bajo","0","Corto","0","1","Bajo","Bajo","Bajo","0"
"105","1","Bajo","Medio","Bajo","0","Medio","1","0","Medio","Alto","Medio-Bajo","0"
"106","1","Bajo","Corto","Bajo","0","Largo","1","0","Alto","Alto","Alto","0"
"107","1","Bajo","Corto","Bajo","0","Largo","1","0","Alto","Alto","Alto","0"
"108","1","Bajo","Medio","Bajo","0","Largo","1","0","Alto","Alto","Medio-Alto","0"
"109","1","Bajo","Medio","Bajo","0","Corto","0","1","Alto","Medio-Alto","Medio-Alto","0"
"110","1","Bajo","Medio","Bajo","0","Corto","0","0","Bajo","Medio-Alto","Medio-Bajo","0"
"111","1","Bajo","Medio","Bajo","0","Corto","0","0","Bajo","Alto","Alto","0"
"112","1","Bajo","Corto","Bajo","0","Corto","0","0","Alto","Alto","Alto","0"
"113","1","Medio","Corto","Bajo","0","Medio","0","1","Medio","Medio-Bajo","Medio-Bajo","0"
"114","1","Medio","Corto","Bajo","0","Corto","0","1","Medio","Medio-Alto","Medio-Bajo","0"
"115","1","Bajo","Corto","Bajo","0","Corto","0","0","Bajo","Medio-Alto","Medio-Alto","0"
"116","1","Bajo","Corto","Bajo","0","Corto","0","0","Alto","Alto","Alto","0"
"117","1","Bajo","Corto","Bajo","0","Corto","0","0","Alto","Medio-Alto","Alto","0"
"118","1","Bajo","Corto","Bajo","0","Corto","0","1","Medio","Medio-Alto","Medio-Alto","0"
"119","1","Bajo","Corto","Bajo","0","Largo","1","0","Alto","Alto","Alto","0"
"120","1","Medio","Corto","Medio","0","Corto","0","0","Bajo","Medio-Alto","Medio-Alto","0"
"121","1","Medio","Medio","Bajo","0","Corto","0","1","Bajo","Medio-Bajo","Medio-Bajo","0"
"122","1","Bajo","Corto","Bajo","0","Corto","0","1","Medio","Medio-Alto","Medio-Alto","0"
"123","1","Bajo","Medio","Bajo","0","Corto","0","0","Medio","Medio-Alto","Alto","0"
"124","1","Medio","Medio","Bajo","0","Corto","0","0","Medio","Medio-Alto","Medio-Bajo","0"
"125","1","Bajo","Medio","Bajo","0","Corto","0","1","Medio","Medio-Bajo","Medio-Bajo","0"
"126","1","Bajo","Corto","Bajo","0","Corto","0","1","Alto","Alto","Alto","0"
"127","1","Bajo","Medio","Bajo","0","Corto","0","1","Medio","Medio-Alto","Medio-Bajo","0"
"128","1","Bajo","Corto","Bajo","0","Corto","0","1","Alto","Alto","Medio-Alto","0"
"129","1","Medio","Medio","Bajo","0","Corto","0","1","Medio","Medio-Bajo","Medio-Bajo","0"
"130","1","Bajo","Corto","Bajo","0","Corto","1","0","Alto","Medio-Alto","Alto","0"
"131","1","Bajo","Medio","Bajo","0","Largo","1","0","Alto","Alto","Alto","0"
"132","1","Bajo","Corto","Bajo","0","Corto","0","1","Alto","Medio-Alto","Alto","0"
"133","1","Bajo","Medio","Bajo","0","Largo","0","1","Alto","Medio-Alto","Alto","0"
"134","1","Bajo","Medio","Bajo","0","Largo","0","0","Medio","Medio-Alto","Medio-Alto","0"
"135","1","Bajo","Medio","Bajo","0","Corto","0","0","Bajo","Medio-Alto","Medio-Bajo","0"
"136","1","Bajo","Corto","Bajo","0","Corto","0","1","Medio","Medio-Alto","Alto","0"
"137","1","Bajo","Medio","Bajo","0","Medio","1","0","Alto","Alto","Alto","0"
"138","1","Bajo","Medio","Bajo","0","Corto","1","1","Alto","Medio-Alto","Alto","0"
"139","1","Bajo","Corto","Bajo","0","Medio","0","0","Alto","Alto","Medio-Alto","0"
"140","1","Bajo","Medio","Bajo","0","Largo","0","0","Bajo","Medio-Alto","Medio-Bajo","0"
"141","1","Bajo","Corto","Bajo","0","Corto","1","0","Alto","Medio-Alto","Alto","0"
"142","1","Medio","Corto","Bajo","0","Corto","0","0","Medio","Medio-Alto","Medio-Alto","0"
"143","1","Bajo","Largo","Bajo","0","Corto","0","1","Medio","Alto","Alto","0"
"144","1","Bajo","Medio","Bajo","0","Corto","0","1","Medio","Alto","Alto","0"
"145","1","Bajo","Corto","Bajo","0","Medio","0","0","Bajo","Medio-Bajo","Medio-Bajo","0"
"146","1","Bajo","Medio","Bajo","0","Medio","0","0","Alto","Medio-Alto","Medio-Alto","0"
"147","1","Bajo","Medio","Bajo","0","Corto","1","0","Alto","Alto","Alto","0"
"148","1","Medio","Largo","Bajo","0","Medio","0","0","Bajo","Medio-Alto","Medio-Alto","0"
"149","1","Medio","Medio","Bajo","0","Largo","0","0","Alto","Alto","Medio-Alto","0"
"150","1","Bajo","Medio","Bajo","0","Largo","1","0","Medio","Alto","Medio-Bajo","0"
"151","1","Bajo","Medio","Bajo","0","Corto","0","1","Bajo","Medio-Alto","Medio-Alto","0"
"152","1","Medio","Medio","Bajo","0","Corto","0","1","Bajo","Alto","Alto","0"
"153","1","Bajo","Corto","Bajo","0","Corto","0","1","Medio","Medio-Alto","Alto","0"
"154","1","Bajo","Medio","Bajo","0","Medio","0","0","Alto","Alto","Alto","0"
"155","1","Medio","Medio","Bajo","0","Medio","0","0","Bajo","Alto","Alto","0"
"156","1","Bajo","Medio","Bajo","0","Corto","0","0","Medio","Medio-Alto","Alto","0"
"157","1","Bajo","Medio","Bajo","0","Corto","0","0","Medio","Alto","Alto","0"
"158","1","Bajo","Medio","Bajo","0","Corto","0","1","Alto","Medio-Alto","Alto","0"
"159","1","Bajo","Medio","Bajo","0","Corto","0","1","Bajo","Medio-Alto","Medio-Alto","0"
"160","1","Bajo","Corto","Bajo","0","Corto","0","0","Medio","Medio-Bajo","Medio-Bajo","0"
"161","1","Bajo","Corto","Bajo","0","Corto","0","0","Alto","Medio-Alto","Medio-Alto","0"
"162","1","Medio","Medio","Bajo","0","Medio","1","1","Medio","Medio-Alto","Medio-Alto","0"
"163","1","Bajo","Corto","Bajo","0","Corto","0","0","Medio","Medio-Bajo","Medio-Bajo","0"
"164","1","Bajo","Medio","Bajo","0","Corto","0","1","Alto","Medio-Alto","Medio-Alto","0"
"165","1","Bajo","Medio","Bajo","0","Largo","0","1","Alto","Medio-Bajo","Medio-Alto","0"
"166","1","Bajo","Largo","Bajo","0","Largo","1","0","Alto","Alto","Bajo","0"
"167","1","Bajo","Corto","Bajo","0","Corto","0","1","Bajo","Medio-Bajo","Medio-Alto","0"
"168","1","Bajo","Corto","Bajo","0","Corto","0","1","Medio","Medio-Alto","Medio-Alto","0"
"169","1","Bajo","Medio","Bajo","0","Medio","0","1","Bajo","Alto","Alto","0"
"170","1","Bajo","Corto","Bajo","0","Corto","0","0","Medio","Medio-Alto","Alto","0"
"171","1","Bajo","Corto","Bajo","0","Corto","0","1","Medio","Medio-Bajo","Medio-Alto","0"
"172","1","Bajo","Medio","Bajo","0","Medio","1","0","Medio","Alto","Medio-Alto","0"
"173","1","Medio","Corto","Medio","0","Largo","1","0","Alto","Medio-Alto","Alto","0"
"174","1","Bajo","Medio","Bajo","0","Largo","1","0","Alto","Alto","Alto","0"
"175","0","Bajo","Corto","Bajo","0","Corto","0","1","Alto","Medio-Alto","Alto","0"
"176","1","Bajo","Medio","Bajo","0","Corto","0","1","Alto","Alto","Alto","0"
"177","1","Bajo","Largo","Bajo","0","Largo","1","0","Bajo","Alto","Medio-Alto","0"
"178","1","Bajo","Medio","Bajo","0","Corto","0","0","Alto","Alto","Medio-Alto","0"
"179","1","Bajo","Largo","Bajo","0","Corto","0","0","Alto","Alto","Medio-Alto","0"
"180","1","Bajo","Medio","Bajo","0","Corto","0","0","Medio","Alto","Medio-Alto","0"
"181","1","Bajo","Medio","Bajo","0","Corto","0","1","Medio","Alto","Medio-Alto","0"
"182","1","Bajo","Medio","Bajo","0","Corto","0","1","Medio","Alto","Medio-Bajo","0"
"183","1","Bajo","Medio","Bajo","0","Corto","1","0","Alto","Alto","Medio-Bajo","0"
"184","1","Medio","Medio","Bajo","0","Corto","1","0","Bajo","Alto","Medio-Alto","0"
"185","1","Bajo","Medio","Bajo","0","Medio","1","0","Alto","Alto","Medio-Alto","0"
"186","1","Bajo","Medio","Bajo","0","Corto","0","1","Medio","Medio-Alto","Medio-Alto","0"
"187","1","Bajo","Medio","Bajo","0","Medio","0","1","Bajo","Medio-Alto","Medio-Alto","0"
"188","1","Bajo","Corto","Bajo","0","Corto","0","1","Medio","Medio-Alto","Medio-Alto","0"
"189","1","Bajo","Medio","Bajo","0","Corto","0","0","Bajo","Medio-Bajo","Medio-Bajo","0"
"190","1","Bajo","Medio","Bajo","0","Medio","1","0","Medio","Medio-Alto","Medio-Bajo","0"
"191","1","Medio","Corto","Bajo","0","Medio","0","1","Alto","Medio-Bajo","Medio-Bajo","0"
"192","1","Bajo","Medio","Bajo","0","Corto","0","0","Alto","Alto","Medio-Bajo","0"
"193","1","Bajo","Medio","Bajo","0","Corto","0","1","Bajo","Alto","Alto","0"
"194","1","Bajo","Medio","Medio","0","Largo","0","1","Alto","Alto","Medio-Alto","0"
"195","1","Bajo","Corto","Medio","0","Medio","0","0","Alto","Alto","Alto","0"
"196","1","Medio","Medio","Bajo","0","Corto","0","1","Medio","Medio-Alto","Medio-Alto","0"
"197","1","Bajo","Medio","Bajo","0","Corto","0","0","Alto","Alto","Alto","0"
"198","1","Bajo","Medio","Bajo","0","Corto","0","0","Alto","Alto","Alto","0"
"199","1","Bajo","Medio","Bajo","0","Largo","1","1","Bajo","Medio-Alto","Medio-Alto","0"
"200","1","Bajo","Medio","Bajo","0","Corto","1","1","Alto","Medio-Alto","Medio-Alto","0"
"201","1","Bajo","Medio","Bajo","0","Medio","0","0","Alto","Alto","Alto","0"
"202","1","Bajo","Corto","Bajo","0","Corto","0","1","Medio","Medio-Alto","Medio-Alto","0"
"203","1","Bajo","Corto","Bajo","0","Medio","0","0","Alto","Alto","Medio-Alto","0"
"204","1","Bajo","Corto","Bajo","0","Corto","0","0","Medio","Medio-Bajo","Medio-Bajo","0"
"205","1","Bajo","Medio","Bajo","0","Corto","1","0","Alto","Medio-Alto","Bajo","0"
"206","1","Bajo","Corto","Bajo","0","Medio","0","1","Medio","Medio-Alto","Alto","0"
"207","1","Bajo","Corto","Bajo","0","Medio","0","1","Alto","Alto","Alto","0"
"208","1","Medio","Medio","Bajo","0","Corto","1","0","Medio","Alto","Medio-Alto","0"
"209","1","Bajo","Corto","Bajo","0","Corto","0","1","Alto","Alto","Medio-Alto","0"
"210","1","Bajo","Medio","Bajo","0","Medio","1","0","Alto","Alto","Medio-Alto","0"
"211","1","Bajo","Medio","Bajo","0","Corto","0","0","Medio","Medio-Alto","Medio-Alto","0"
"212","1","Bajo","Medio","Bajo","0","Corto","0","1","Medio","Medio-Alto","Medio-Alto","0"
"213","1","Bajo","Medio","Bajo","0","Medio","1","0","Alto","Alto","Medio-Alto","0"
"214","1","Bajo","Medio","Bajo","0","Medio","0","0","Medio","Medio-Alto","Medio-Alto","0"
"215","1","Bajo","Medio","Bajo","0","Largo","1","0","Alto","Alto","Alto","0"
"216","1","Bajo","Medio","Bajo","0","Corto","0","1","Medio","Medio-Bajo","Medio-Bajo","0"
"217","1","Medio","Medio","Bajo","0","Corto","0","0","Medio","Alto","Medio-Bajo","0"
"218","1","Medio","Medio","Bajo","0","Corto","0","0","Bajo","Alto","Alto","0"
"219","1","Bajo","Corto","Bajo","0","Largo","0","0","Medio","Medio-Alto","Medio-Alto","0"
"220","1","Bajo","Medio","Bajo","0","Corto","1","0","Alto","Alto","Medio-Alto","0"
"221","1","Bajo","Medio","Bajo","0","Medio","0","1","Alto","Alto","Medio-Alto","0"
"222","1","Medio","Corto","Bajo","0","Corto","0","0","Alto","Alto","Medio-Bajo","0"
"223","1","Bajo","Corto","Bajo","0","Corto","0","0","Alto","Alto","Alto","0"
"224","1","Bajo","Corto","Bajo","0","Corto","0","1","Bajo","Medio-Alto","Medio-Alto","0"
"225","1","Bajo","Corto","Bajo","0","Corto","0","1","Bajo","Medio-Alto","Medio-Bajo","0"
"226","1","Bajo","Corto","Bajo","0","Largo","0","1","Medio","Alto","Medio-Alto","0"
"227","1","Medio","Corto","Bajo","0","Largo","0","0","Medio","Alto","Medio-Bajo","0"
"228","1","Bajo","Medio","Bajo","0","Corto","0","1","Alto","Medio-Alto","Medio-Alto","0"
"229","1","Bajo","Medio","Bajo","0","Corto","0","0","Bajo","Medio-Bajo","Medio-Alto","0"
"230","1","Bajo","Corto","Bajo","0","Corto","0","0","Medio","Alto","Medio-Alto","0"
"231","1","Bajo","Medio","Bajo","0","Corto","0","0","Medio","Medio-Alto","Medio-Alto","0"
"232","1","Bajo","Medio","Bajo","0","Corto","0","0","Alto","Medio-Alto","Alto","0"
"233","1","Medio","Medio","Bajo","0","Corto","0","0","Bajo","Medio-Alto","Medio-Alto","0"
"234","1","Medio","Largo","Bajo","0","Medio","0","0","Bajo","Alto","Alto","0"
"235","1","Medio","Medio","Bajo","0","Largo","1","0","Medio","Medio-Alto","Medio-Alto","0"
"236","1","Bajo","Medio","Bajo","0","Largo","0","0","Alto","Medio-Alto","Alto","0"
"237","1","Bajo","Medio","Bajo","0","Corto","0","0","Alto","Medio-Alto","Alto","0"
"238","1","Bajo","Medio","Bajo","0","Corto","0","1","Medio","Medio-Bajo","Medio-Bajo","0"
"239","1","Bajo","Medio","Bajo","0","Corto","0","1","Medio","Medio-Alto","Alto","0"
"240","1","Bajo","Medio","Bajo","0","Corto","0","1","Bajo","Medio-Bajo","Medio-Bajo","0"
"241","1","Bajo","Medio","Bajo","0","Corto","0","1","Medio","Alto","Alto","0"
"242","1","Bajo","Medio","Bajo","0","Corto","0","0","Bajo","Medio-Bajo","Bajo","0"
"243","1","Bajo","Corto","Bajo","1","Medio","1","1","Medio","Medio-Bajo","Medio-Bajo","0"
"244","1","Bajo","Medio","Bajo","0","Corto","0","1","Medio","Medio-Alto","Medio-Alto","0"
"245","1","Bajo","Medio","Bajo","0","Corto","0","1","Bajo","Bajo","Bajo","0"
"246","1","Bajo","Corto","Bajo","0","Largo","1","0","Medio","Alto","Alto","0"
"247","1","Medio","Corto","Bajo","0","Corto","0","0","Bajo","Medio-Bajo","Bajo","0"
"248","1","Bajo","Corto","Bajo","0","Corto","1","1","Medio","Medio-Alto","Medio-Alto","0"
"249","1","Medio","Corto","Bajo","0","Corto","0","0","Alto","Medio-Alto","Medio-Bajo","0"
"250","1","Medio","Corto","Bajo","0","Corto","0","1","Bajo","Medio-Bajo","Medio-Alto","0"
"251","1","Bajo","Corto","Bajo","0","Corto","0","0","Medio","Medio-Alto","Medio-Alto","0"
"252","1","Medio","Corto","Bajo","0","Corto","0","0","Alto","Medio-Bajo","Medio-Bajo","0"
"253","1","Bajo","Medio","Bajo","0","Corto","0","1","Bajo","Bajo","Medio-Bajo","0"
"254","1","Medio","Corto","Medio","0","Corto","0","1","Medio","Medio-Alto","Medio-Alto","0"
"255","1","Bajo","Corto","Bajo","0","Medio","0","0","Medio","Medio-Alto","Medio-Alto","0"
"256","1","Bajo","Corto","Bajo","0","Corto","0","0","Alto","Medio-Alto","Medio-Alto","0"
"257","1","Medio","Corto","Bajo","0","Corto","0","1","Alto","Alto","Alto","0"
"258","1","Bajo","Corto","Bajo","0","Corto","0","1","Bajo","Medio-Bajo","Medio-Bajo","0"
"259","1","Bajo","Medio","Bajo","0","Corto","1","0","Alto","Alto","Bajo","0"
"260","1","Bajo","Medio","Bajo","0","Corto","0","0","Alto","Medio-Alto","Alto","0"
"261","1","Bajo","Medio","Bajo","0","Largo","1","0","Alto","Alto","Medio-Alto","0"
"262","1","Medio","Medio","Bajo","0","Corto","0","0","Medio","Medio-Alto","Medio-Alto","0"
"263","1","Bajo","Medio","Bajo","0","Corto","0","1","Medio","Medio-Alto","Medio-Alto","0"
"264","1","Bajo","Medio","Bajo","0","Corto","0","1","Bajo","Medio-Alto","Medio-Alto","0"
"265","1","Bajo","Medio","Bajo","0","Corto","0","0","Alto","Alto","Alto","0"
"266","1","Medio","Medio","Bajo","0","Corto","0","1","Alto","Alto","Alto","0"
"267","1","Bajo","Medio","Bajo","0","Corto","0","1","Medio","Medio-Alto","Medio-Alto","0"
"268","1","Bajo","Medio","Bajo","0","Corto","0","0","Alto","Medio-Alto","Medio-Alto","0"
"269","1","Bajo","Medio","Bajo","0","Corto","0","1","Medio","Alto","Alto","0"
"270","1","Bajo","Medio","Bajo","0","Corto","0","1","Alto","Medio-Alto","Medio-Alto","0"
"271","1","Bajo","Medio","Bajo","0","Corto","0","1","Alto","Medio-Alto","Alto","0"
"272","1","Bajo","Corto","Bajo","0","Corto","0","1","Medio","Alto","Medio-Alto","0"
"273","1","Bajo","Medio","Bajo","0","Largo","0","0","Medio","Alto","Bajo","0"
"274","1","Bajo","Medio","Bajo","0","Corto","0","1","Bajo","Medio-Bajo","Medio-Bajo","0"
"275","1","Bajo","Medio","Bajo","0","Corto","0","0","Medio","Medio-Alto","Medio-Alto","0"
"276","1","Bajo","Medio","Bajo","0","Corto","1","1","Bajo","Medio-Alto","Medio-Alto","0"
"277","1","Bajo","Corto","Bajo","0","Corto","0","1","Alto","Alto","Alto","0"
"278","1","Medio","Medio","Bajo","0","Corto","0","1","Alto","Alto","Alto","0"
"279","1","Bajo","Corto","Bajo","0","Corto","0","1","Alto","Medio-Alto","Medio-Alto","0"
"280","1","Bajo","Corto","Bajo","0","Corto","0","1","Alto","Alto","Alto","0"
"281","1","Medio","Corto","Bajo","0","Corto","0","0","Bajo","Medio-Bajo","Bajo","0"
"282","0","Bajo","Corto","Bajo","0","Corto","0","1","Medio","Medio-Alto","Medio-Alto","0"
"283","1","Bajo","Medio","Bajo","0","Corto","1","1","Medio","Medio-Alto","Medio-Bajo","0"
"284","1","Bajo","Corto","Bajo","0","Corto","0","1","Alto","Alto","Alto","0"
"285","1","Bajo","Corto","Bajo","0","Corto","0","1","Medio","Medio-Alto","Medio-Alto","0"
"286","1","Bajo","Medio","Bajo","0","Corto","0","0","Bajo","Medio-Alto","Medio-Alto","0"
"287","1","Bajo","Medio","Bajo","0","Corto","0","0","Bajo","Bajo","Bajo","0"
"288","1","Bajo","Medio","Bajo","0","Corto","0","1","Medio","Medio-Bajo","Medio-Bajo","0"
"289","0","Medio","Corto","Bajo","0","Corto","0","0","Bajo","Medio-Bajo","Medio-Alto","1"
"290","0","Medio","Corto","Bajo","0","Corto","0","0","Bajo","Medio-Bajo","Bajo","1"
"291","0","Medio","Corto","Bajo","0","Corto","0","1","Bajo","Medio-Alto","Medio-Alto","1"
"292","1","Bajo","Corto","Bajo","0","Corto","0","1","Bajo","Bajo","Medio-Bajo","1"
"293","1","Medio","Medio","Bajo","0","Corto","0","1","Medio","Medio-Alto","Medio-Alto","1"
"294","0","Medio","Medio","Bajo","0","Corto","0","0","Bajo","Bajo","Medio-Bajo","1"
"295","0","Medio","Corto","Medio","0","Corto","0","1","Bajo","Bajo","Bajo","1"
"296","0","Bajo","Corto","Bajo","0","Corto","0","1","Bajo","Bajo","Alto","1"
"297","1","Medio","Corto","Bajo","0","Corto","0","1","Medio","Bajo","Bajo","1"
"298","0","Bajo","Medio","Bajo","0","Corto","0","0","Bajo","Bajo","Bajo","1"
"299","0","Medio","Corto","Bajo","0","Corto","0","0","Bajo","Bajo","Bajo","1"
"300","0","Medio","Corto","Bajo","0","Corto","0","1","Bajo","Bajo","Bajo","1"
"301","0","Bajo","Corto","Bajo","0","Corto","0","0","Bajo","Bajo","Bajo","1"
"302","0","Bajo","Corto","Bajo","0","Corto","0","1","Bajo","Bajo","Bajo","1"
"303","0","Medio","Corto","Bajo","0","Corto","0","1","Bajo","Bajo","Medio-Bajo","1"
"304","0","Medio","Corto","Bajo","0","Corto","0","1","Bajo","Bajo","Bajo","1"
"305","0","Medio","Corto","Bajo","0","Corto","0","1","Bajo","Bajo","Medio-Bajo","1"
"306","1","Medio","Corto","Bajo","0","Corto","0","1","Bajo","Bajo","Medio-Bajo","1"
"307","0","Medio","Corto","Bajo","0","Corto","0","1","Bajo","Bajo","Bajo","1"
"308","1","Alto","Corto","Bajo","0","Corto","0","0","Bajo","Medio-Bajo","Bajo","1"
"309","0","Medio","Medio","Bajo","0","Corto","0","0","Bajo","Bajo","Bajo","1"
"310","0","Medio","Corto","Bajo","0","Corto","0","1","Alto","Bajo","Medio-Alto","1"
"311","0","Alto","Corto","Bajo","0","Corto","0","1","Bajo","Bajo","Bajo","1"
"312","1","Bajo","Corto","Bajo","0","Corto","0","1","Bajo","Bajo","Bajo","1"
"313","0","Medio","Corto","Medio","0","Corto","0","1","Bajo","Bajo","Bajo","1"
"314","0","Bajo","Corto","Bajo","0","Corto","0","1","Bajo","Medio-Bajo","Bajo","1"
"315","1","Alto","Corto","Bajo","0","Corto","0","1","Medio","Bajo","Medio-Bajo","1"
"316","0","Bajo","Corto","Bajo","0","Corto","0","0","Bajo","Medio-Bajo","Bajo","1"
"317","0","Medio","Corto","Bajo","0","Corto","0","1","Bajo","Bajo","Medio-Bajo","1"
"318","0","Bajo","Medio","Bajo","0","Corto","0","1","Bajo","Medio-Bajo","Medio-Bajo","1"
"319","1","Bajo","Corto","Bajo","0","Corto","0","1","Medio","Bajo","Bajo","1"
"320","0","Bajo","Corto","Bajo","0","Corto","0","1","Bajo","Bajo","Alto","1"
"321","0","Alto","Corto","Bajo","0","Corto","0","0","Bajo","Bajo","Bajo","1"
"322","0","Bajo","Corto","Bajo","0","Corto","0","1","Bajo","Bajo","Alto","1"
"323","1","Alto","Corto","Bajo","0","Corto","0","1","Bajo","Medio-Bajo","Medio-Bajo","1"
"324","0","Bajo","Corto","Medio","0","Corto","0","1","Bajo","Medio-Alto","Alto","1"
"325","0","Bajo","Corto","Bajo","0","Corto","0","0","Bajo","Medio-Bajo","Medio-Alto","1"
"326","0","Medio","Corto","Medio","0","Corto","0","0","Bajo","Bajo","Bajo","1"
"327","0","Medio","Corto","Bajo","0","Corto","0","0","Bajo","Bajo","Bajo","1"
"328","0","Medio","Corto","Bajo","0","Corto","0","1","Bajo","Medio-Bajo","Medio-Alto","1"
"329","0","Bajo","Corto","Bajo","0","Corto","0","1","Bajo","Bajo","Bajo","1"
"330","0","Medio","Corto","Medio","1","Corto","0","1","Bajo","Bajo","Bajo","1"
"331","0","Medio","Corto","Bajo","0","Corto","0","0","Bajo","Bajo","Bajo","1"
"332","1","Alto","Corto","Medio","0","Corto","0","1","Bajo","Medio-Bajo","Alto","1"
"333","1","Medio","Corto","Bajo","0","Corto","0","1","Bajo","Bajo","Bajo","1"
"334","1","Medio","Corto","Bajo","0","Corto","0","0","Bajo","Medio-Bajo","Medio-Bajo","1"
"335","0","Medio","Corto","Medio","1","Corto","0","1","Bajo","Bajo","Medio-Bajo","1"
"336","1","Bajo","Corto","Bajo","1","Corto","0","1","Bajo","Bajo","Bajo","1"
"337","1","Medio","Corto","Bajo","0","Corto","0","0","Bajo","Bajo","Bajo","1"
"338","1","Medio","Corto","Bajo","0","Corto","0","1","Bajo","Bajo","Medio-Bajo","1"
"339","1","Medio","Corto","Bajo","0","Corto","0","1","Medio","Medio-Alto","Alto","1"
"340","0","Bajo","Corto","Bajo","0","Corto","0","1","Bajo","Bajo","Bajo","1"
"341","0","Bajo","Corto","Bajo","0","Corto","0","0","Bajo","Bajo","Bajo","1"
"342","0","Bajo","Medio","Bajo","0","Corto","0","0","Bajo","Bajo","Bajo","1"
"343","1","Medio","Medio","Bajo","0","Corto","0","1","Bajo","Medio-Alto","Medio-Alto","1"
"344","0","Bajo","Corto","Bajo","0","Corto","0","0","Medio","Medio-Alto","Alto","1"
"345","0","Bajo","Medio","Bajo","0","Corto","0","1","Bajo","Bajo","Medio-Bajo","1"
"346","0","Alto","Corto","Bajo","0","Corto","0","0","Bajo","Bajo","Bajo","1"
"347","1","Medio","Corto","Medio","1","Corto","0","1","Bajo","Bajo","Medio-Bajo","1"
"348","1","Bajo","Medio","Bajo","0","Corto","0","0","Bajo","Bajo","Medio-Bajo","1"
"349","1","Alto","Corto","Alto","0","Corto","0","1","Alto","Bajo","Medio-Alto","1"
"350","1","Bajo","Corto","Bajo","0","Corto","0","0","Bajo","Medio-Bajo","Bajo","1"
"351","0","Medio","Corto","Medio","1","Medio","0","1","Bajo","Bajo","Bajo","1"
"352","0","Medio","Corto","Bajo","0","Corto","0","1","Bajo","Medio-Bajo","Medio-Bajo","1"
"353","0","Bajo","Corto","Bajo","0","Corto","0","0","Bajo","Medio-Bajo","Bajo","1"
"354","1","Bajo","Largo","Bajo","0","Corto","0","0","Alto","Medio-Bajo","Alto","1"
"355","1","Bajo","Corto","Bajo","0","Corto","0","1","Medio","Bajo","Bajo","1"
"356","1","Medio","Corto","Bajo","0","Corto","0","1","Alto","Alto","Alto","1"
"357","1","Bajo","Corto","Bajo","0","Corto","0","0","Medio","Medio-Bajo","Bajo","1"
"358","1","Medio","Corto","Medio","0","Corto","0","1","Bajo","Medio-Alto","Medio-Bajo","1"
"359","1","Medio","Corto","Bajo","0","Corto","0","1","Bajo","Medio-Alto","Medio-Alto","1"
"360","1","Medio","Corto","Medio","1","Corto","0","1","Bajo","Medio-Bajo","Alto","1"
"361","1","Bajo","Corto","Bajo","0","Corto","0","1","Alto","Medio-Alto","Alto","1"
"362","1","Bajo","Corto","Bajo","0","Corto","0","0","Medio","Medio-Alto","Medio-Bajo","1"
"363","1","Medio","Corto","Medio","1","Corto","0","1","Bajo","Bajo","Medio-Bajo","1"
"364","1","Medio","Corto","Bajo","0","Corto","0","1","Alto","Medio-Bajo","Medio-Bajo","1"
"365","1","Medio","Corto","Bajo","0","Corto","0","1","Alto","Bajo","Medio-Bajo","1"
"366","0","Bajo","Corto","Bajo","0","Corto","0","0","Medio","Medio-Bajo","Bajo","1"
"367","1","Medio","Corto","Bajo","0","Largo","0","1","Bajo","Bajo","Bajo","1"
"368","0","Alto","Corto","Bajo","0","Corto","0","1","Bajo","Bajo","Medio-Bajo","1"
"369","1","Alto","Corto","Medio","0","Corto","0","1","Bajo","Bajo","Bajo","1"
"370","1","Medio","Corto","Bajo","0","Corto","0","1","Bajo","Bajo","Medio-Bajo","1"
"371","1","Medio","Corto","Bajo","0","Corto","0","1","Bajo","Bajo","Bajo","1"
"372","0","Medio","Medio","Bajo","0","Corto","0","0","Bajo","Medio-Bajo","Medio-Bajo","1"
"373","0","Medio","Corto","Bajo","0","Corto","0","0","Bajo","Bajo","Bajo","1"
"374","1","Bajo","Corto","Bajo","0","Corto","0","1","Bajo","Bajo","Bajo","1"
"375","0","Medio","Corto","Bajo","0","Corto","0","0","Bajo","Medio-Bajo","Medio-Bajo","1"
"376","0","Medio","Corto","Bajo","0","Corto","0","0","Bajo","Medio-Bajo","Medio-Bajo","1"
"377","0","Medio","Medio","Bajo","0","Corto","0","0","Bajo","Medio-Bajo","Bajo","1"
"378","0","Bajo","Corto","Bajo","0","Corto","0","0","Bajo","Medio-Bajo","Medio-Alto","1"
"379","0","Medio","Corto","Bajo","0","Corto","0","1","Bajo","Bajo","Bajo","1"
"380","1","Medio","Corto","Bajo","0","Corto","0","1","Bajo","Medio-Bajo","Medio-Alto","1"
"381","1","Medio","Corto","Bajo","0","Medio","0","0","Bajo","Bajo","Medio-Bajo","1"
"382","0","Medio","Corto","Medio","0","Corto","0","1","Bajo","Bajo","Alto","1"
"383","1","Medio","Corto","Bajo","0","Corto","0","1","Bajo","Bajo","Medio-Bajo","1"
"384","1","Medio","Corto","Bajo","0","Corto","0","1","Bajo","Bajo","Bajo","1"
"385","0","Alto","Corto","Bajo","0","Corto","0","1","Bajo","Medio-Bajo","Medio-Alto","1"
"386","0","Medio","Corto","Bajo","0","Corto","0","1","Bajo","Bajo","Bajo","1"
"387","1","Medio","Corto","Bajo","0","Corto","0","1","Bajo","Bajo","Bajo","1"
"388","0","Alto","Medio","Bajo","0","Corto","0","0","Bajo","Medio-Bajo","Bajo","1"
"389","1","Medio","Corto","Medio","0","Corto","0","1","Medio","Medio-Bajo","Bajo","1"
"390","0","Medio","Corto","Medio","1","Corto","0","0","Bajo","Bajo","Bajo","1"
"391","0","Bajo","Corto","Bajo","0","Corto","0","1","Bajo","Bajo","Medio-Bajo","1"
"392","0","Medio","Corto","Bajo","0","Corto","0","0","Bajo","Bajo","Bajo","1"
"393","1","Medio","Corto","Bajo","0","Corto","0","1","Bajo","Bajo","Medio-Bajo","1"
"394","1","Medio","Corto","Bajo","0","Corto","0","1","Alto","Bajo","Bajo","1"
"395","0","Medio","Corto","Bajo","0","Corto","0","1","Bajo","Medio-Bajo","Medio-Bajo","1"
"396","0","Medio","Corto","Bajo","0","Corto","0","1","Bajo","Bajo","Medio-Bajo","1"
"397","0","Bajo","Corto","Bajo","0","Corto","0","1","Bajo","Bajo","Medio-Bajo","1"
"398","0","Medio","Corto","Bajo","0","Corto","0","0","Bajo","Bajo","Bajo","1"
"399","1","Bajo","Corto","Bajo","0","Largo","0","0","Medio","Medio-Alto","Alto","1"
"400","1","Alto","Corto","Bajo","0","Corto","0","1","Bajo","Bajo","Medio-Bajo","1"
"401","0","Bajo","Corto","Bajo","0","Corto","0","0","Bajo","Medio-Alto","Alto","1"
"402","0","Bajo","Corto","Bajo","0","Corto","0","0","Bajo","Bajo","Medio-Bajo","1"
"403","1","Bajo","Medio","Bajo","0","Corto","0","0","Medio","Medio-Bajo","Medio-Alto","1"
"404","0","Bajo","Medio","Bajo","0","Corto","0","1","Bajo","Bajo","Medio-Bajo","1"
"405","0","Bajo","Medio","Bajo","0","Corto","0","1","Bajo","Bajo","Medio-Bajo","1"
"406","0","Medio","Corto","Bajo","0","Corto","0","0","Bajo","Medio-Bajo","Medio-Bajo","1"
"407","1","Bajo","Corto","Bajo","0","Corto","0","1","Bajo","Bajo","Medio-Bajo","1"
"408","0","Medio","Corto","Bajo","0","Corto","0","0","Bajo","Bajo","Bajo","1"
"409","0","Medio","Corto","Bajo","0","Corto","0","0","Bajo","Bajo","Bajo","1"
"410","0","Medio","Corto","Bajo","0","Corto","0","0","Bajo","Medio-Bajo","Medio-Bajo","1"
"411","0","Bajo","Medio","Bajo","0","Corto","0","1","Bajo","Bajo","Medio-Bajo","1"
"412","0","Bajo","Corto","Bajo","0","Corto","0","0","Bajo","Bajo","Bajo","1"
"413","1","Medio","Medio","Bajo","0","Corto","0","0","Bajo","Medio-Bajo","Medio-Bajo","1"
"414","0","Medio","Medio","Bajo","0","Corto","0","0","Bajo","Bajo","Bajo","1"
"415","1","Bajo","Medio","Bajo","0","Largo","0","0","Medio","Alto","Medio-Bajo","1"
"416","1","Medio","Corto","Bajo","0","Corto","0","0","Bajo","Medio-Bajo","Medio-Bajo","1"
"417","1","Medio","Medio","Bajo","0","Corto","0","0","Medio","Medio-Bajo","Medio-Bajo","1"
"418","1","Medio","Corto","Bajo","0","Corto","0","1","Bajo","Bajo","Bajo","1"
"419","1","Medio","Corto","Bajo","0","Corto","0","0","Bajo","Medio-Bajo","Medio-Bajo","1"
"420","1","Medio","Medio","Bajo","0","Corto","0","0","Alto","Alto","Alto","1"
"421","0","Bajo","Medio","Bajo","0","Corto","0","1","Bajo","Medio-Alto","Medio-Alto","1"
"422","1","Medio","Corto","Bajo","0","Corto","0","0","Bajo","Medio-Bajo","Medio-Bajo","1"
"423","0","Medio","Corto","Bajo","0","Corto","0","1","Bajo","Bajo","Bajo","1"
"424","0","Bajo","Corto","Bajo","0","Corto","0","1","Bajo","Bajo","Medio-Bajo","1"
"425","0","Alto","Corto","Bajo","0","Corto","0","1","Bajo","Bajo","Bajo","1"
"426","0","Medio","Corto","Bajo","0","Corto","0","0","Bajo","Bajo","Bajo","1"
"427","1","Medio","Corto","Bajo","0","Corto","0","1","Bajo","Medio-Alto","Medio-Bajo","1"
"428","1","Medio","Corto","Bajo","0","Corto","0","0","Medio","Medio-Bajo","Medio-Alto","1"
"429","0","Medio","Corto","Medio","0","Corto","0","0","Bajo","Medio-Bajo","Medio-Bajo","1"
"430","0","Medio","Corto","Bajo","0","Corto","0","0","Medio","Medio-Bajo","Bajo","1"
"431","0","Bajo","Corto","Bajo","0","Corto","0","0","Bajo","Bajo","Medio-Bajo","1"
"432","0","Medio","Corto","Bajo","0","Corto","0","1","Bajo","Bajo","Bajo","1"
"433","1","Medio","Corto","Bajo","0","Corto","0","1","Bajo","Medio-Bajo","Medio-Bajo","1"
"434","0","Medio","Corto","Medio","1","Corto","0","0","Bajo","Medio-Bajo","Medio-Alto","1"
"435","1","Medio","Medio","Bajo","0","Corto","0","0","Medio","Medio-Bajo","Medio-Bajo","1"
"436","1","Bajo","Medio","Bajo","0","Corto","0","0","Medio","Medio-Bajo","Medio-Alto","1"
"437","0","Bajo","Medio","Bajo","0","Corto","0","0","Bajo","Bajo","Bajo","1"
"438","0","Medio","Corto","Bajo","0","Corto","0","1","Bajo","Bajo","Medio-Bajo","1"
"439","1","Bajo","Corto","Bajo","0","Corto","0","0","Bajo","Bajo","Medio-Bajo","1"
"440","1","Medio","Corto","Medio","1","Corto","0","1","Bajo","Medio-Bajo","Medio-Bajo","1"
"441","1","Bajo","Corto","Bajo","0","Corto","0","1","Bajo","Bajo","Bajo","1"
"442","0","Medio","Corto","Medio","0","Corto","0","0","Bajo","Bajo","Bajo","1"
"443","1","Bajo","Medio","Bajo","0","Largo","0","0","Medio","Medio-Alto","Medio-Alto","1"
"444","1","Medio","Medio","Bajo","0","Corto","0","0","Bajo","Medio-Bajo","Medio-Bajo","1"
"445","1","Medio","Corto","Bajo","0","Corto","0","1","Bajo","Alto","Alto","1"
"446","1","Bajo","Medio","Bajo","0","Corto","0","0","Medio","Medio-Bajo","Medio-Bajo","1"
"447","1","Medio","Medio","Bajo","0","Corto","0","0","Bajo","Medio-Bajo","Medio-Alto","1"
"448","1","Medio","Corto","Bajo","0","Corto","0","1","Bajo","Bajo","Medio-Bajo","1"
"449","1","Medio","Corto","Bajo","0","Corto","0","0","Bajo","Medio-Bajo","Bajo","1"
"450","1","Medio","Corto","Bajo","0","Corto","0","0","Bajo","Medio-Bajo","Medio-Bajo","1"
"451","1","Medio","Corto","Bajo","0","Corto","0","1","Bajo","Medio-Alto","Medio-Alto","1"
"452","0","Alto","Medio","Medio","0","Corto","0","0","Bajo","Bajo","Bajo","1"
"453","1","Bajo","Corto","Bajo","0","Corto","0","1","Bajo","Medio-Bajo","Medio-Bajo","1"
"454","1","Bajo","Corto","Bajo","0","Corto","0","1","Bajo","Medio-Alto","Alto","1"
"455","1","Bajo","Corto","Bajo","1","Corto","0","1","Bajo","Bajo","Bajo","1"
"456","0","Bajo","Corto","Bajo","0","Corto","0","0","Bajo","Bajo","Bajo","1"
"457","1","Bajo","Corto","Bajo","0","Corto","0","1","Bajo","Medio-Bajo","Medio-Bajo","1"
"458","1","Bajo","Corto","Bajo","1","Corto","0","0","Bajo","Medio-Bajo","Medio-Bajo","1"
"459","1","Medio","Corto","Bajo","0","Corto","0","1","Bajo","Medio-Bajo","Medio-Bajo","1"
"460","1","Bajo","Medio","Bajo","0","Corto","0","0","Medio","Medio-Alto","Alto","1"
"461","1","Medio","Corto","Bajo","0","Corto","0","0","Bajo","Medio-Alto","Medio-Alto","1"
"462","1","Medio","Corto","Medio","0","Corto","0","1","Bajo","Medio-Bajo","Alto","1"
"463","1","Alto","Corto","Bajo","0","Corto","0","0","Bajo","Medio-Bajo","Medio-Bajo","1"
"464","0","Alto","Corto","Bajo","0","Corto","0","1","Bajo","Bajo","Bajo","1"
"465","1","Medio","Corto","Medio","0","Corto","0","1","Bajo","Bajo","Medio-Bajo","1"
"466","0","Alto","Corto","Bajo","0","Corto","0","0","Bajo","Medio-Bajo","Bajo","1"
"467","0","Bajo","Corto","Bajo","0","Corto","0","0","Bajo","Bajo","Alto","1"
"468","1","Medio","Medio","Bajo","0","Corto","0","0","Bajo","Bajo","Bajo","1"
"469","0","Bajo","Corto","Bajo","0","Corto","0","0","Bajo","Bajo","Bajo","1"
"470","0","Medio","Medio","Bajo","0","Corto","0","0","Bajo","Bajo","Bajo","1"
"471","1","Medio","Corto","Bajo","0","Medio","0","0","Medio","Medio-Alto","Alto","1"
"472","0","Medio","Corto","Bajo","0","Corto","0","0","Bajo","Bajo","Bajo","1"
"473","0","Bajo","Corto","Bajo","0","Corto","0","0","Bajo","Medio-Bajo","Bajo","1"
"474","0","Bajo","Corto","Bajo","0","Corto","0","0","Bajo","Medio-Bajo","Medio-Bajo","1"
"475","0","Medio","Corto","Bajo","0","Corto","0","0","Bajo","Bajo","Bajo","1"
"476","1","Alto","Corto","Bajo","0","Corto","0","0","Bajo","Medio-Alto","Alto","1"
"477","0","Medio","Corto","Medio","0","Corto","0","0","Bajo","Medio-Bajo","Medio-Bajo","1"
"478","0","Medio","Corto","Bajo","0","Corto","0","0","Bajo","Bajo","Bajo","1"
"479","0","Medio","Corto","Bajo","0","Corto","0","0","Bajo","Bajo","Bajo","1"
"480","0","Bajo","Corto","Bajo","0","Corto","0","0","Bajo","Bajo","Bajo","1"
"481","0","Medio","Corto","Bajo","0","Corto","0","0","Bajo","Bajo","Bajo","1"
"482","0","Medio","Corto","Bajo","0","Corto","0","0","Bajo","Medio-Bajo","Alto","1"
"483","0","Medio","Corto","Bajo","0","Corto","0","0","Bajo","Medio-Bajo","Alto","1"
"484","0","Alto","Medio","Bajo","0","Corto","0","0","Bajo","Medio-Bajo","Medio-Bajo","1"
"485","0","Medio","Corto","Medio","1","Corto","0","0","Bajo","Bajo","Bajo","1"
"486","0","Medio","Corto","Bajo","0","Corto","0","0","Bajo","Bajo","Bajo","1"
"487","0","Medio","Corto","Bajo","0","Corto","0","0","Bajo","Bajo","Bajo","1"
"488","0","Medio","Corto","Bajo","0","Corto","0","0","Bajo","Medio-Bajo","Medio-Bajo","1"
"489","0","Medio","Corto","Bajo","0","Corto","0","0","Bajo","Medio-Bajo","Bajo","1"
"490","0","Bajo","Medio","Bajo","0","Corto","0","0","Bajo","Bajo","Bajo","1"
"491","0","Medio","Corto","Bajo","0","Corto","0","0","Bajo","Medio-Bajo","Medio-Alto","1"
"492","1","Alto","Corto","Bajo","0","Corto","0","0","Bajo","Medio-Bajo","Bajo","1"
"493","0","Medio","Corto","Bajo","0","Corto","0","0","Bajo","Bajo","Bajo","1"
"494","1","Medio","Corto","Bajo","0","Corto","0","0","Bajo","Bajo","Bajo","1"
"495","0","Medio","Corto","Bajo","0","Corto","0","0","Bajo","Bajo","Bajo","1"
"496","0","Medio","Medio","Bajo","0","Corto","0","0","Bajo","Medio-Bajo","Bajo","1"
"497","0","Medio","Corto","Bajo","0","Corto","0","0","Bajo","Bajo","Bajo","1"
"498","0","Medio","Corto","Bajo","0","Corto","0","0","Bajo","Bajo","Bajo","1"
"499","0","Medio","Corto","Medio","0","Corto","0","0","Bajo","Medio-Bajo","Bajo","1"
"500","0","Medio","Corto","Bajo","0","Corto","0","0","Bajo","Bajo","Bajo","1"
"501","0","Alto","Medio","Bajo","0","Corto","0","0","Bajo","Bajo","Bajo","1"
"502","1","Medio","Corto","Bajo","0","Corto","0","0","Bajo","Bajo","Bajo","1"
"503","0","Medio","Corto","Bajo","0","Corto","0","0","Bajo","Bajo","Bajo","1"
"504","0","Bajo","Medio","Bajo","0","Corto","0","0","Bajo","Medio-Bajo","Bajo","1"
"505","0","Medio","Corto","Bajo","0","Corto","0","0","Bajo","Bajo","Bajo","1"
"506","0","Medio","Corto","Bajo","0","Corto","0","0","Bajo","Bajo","Bajo","1"
"507","0","Alto","Medio","Bajo","0","Corto","0","0","Bajo","Medio-Bajo","Bajo","1"
"508","0","Alto","Corto","Bajo","0","Corto","0","0","Bajo","Medio-Bajo","Alto","1"
"509","1","Medio","Corto","Bajo","0","Corto","0","0","Medio","Medio-Alto","Alto","1"
"510","0","Alto","Corto","Bajo","0","Corto","0","0","Bajo","Medio-Bajo","Bajo","1"
"511","1","Medio","Corto","Bajo","0","Corto","0","0","Bajo","Medio-Alto","Alto","1"
"512","0","Medio","Corto","Bajo","0","Corto","0","1","Bajo","Medio-Alto","Alto","1"
"513","0","Bajo","Corto","Bajo","1","Corto","0","0","Bajo","Bajo","Bajo","1"
"514","0","Medio","Corto","Bajo","0","Corto","0","0","Bajo","Medio-Bajo","Bajo","1"
"515","0","Medio","Corto","Medio","0","Corto","0","0","Bajo","Medio-Bajo","Bajo","1"
"516","0","Bajo","Corto","Bajo","0","Corto","0","0","Bajo","Bajo","Bajo","1"
"517","0","Medio","Corto","Medio","0","Corto","0","0","Bajo","Bajo","Bajo","1"
"518","1","Alto","Corto","Medio","0","Corto","0","0","Medio","Medio-Alto","Alto","1"
"519","0","Medio","Medio","Bajo","0","Corto","0","0","Bajo","Medio-Bajo","Bajo","1"
"520","0","Medio","Corto","Medio","0","Corto","0","0","Bajo","Medio-Bajo","Bajo","1"
"521","0","Bajo","Corto","Bajo","0","Corto","0","0","Bajo","Medio-Bajo","Medio-Bajo","1"
"522","0","Bajo","Corto","Bajo","0","Corto","0","0","Bajo","Medio-Bajo","Bajo","1"
"523","0","Medio","Medio","Bajo","0","Corto","0","0","Bajo","Medio-Bajo","Medio-Alto","1"
"524","0","Medio","Corto","Medio","0","Corto","0","0","Bajo","Medio-Bajo","Bajo","1"
"525","0","Bajo","Medio","Bajo","0","Corto","0","0","Bajo","Medio-Bajo","Bajo","1"
"526","1","Alto","Corto","Bajo","0","Corto","0","0","Bajo","Medio-Bajo","Bajo","1"
"527","0","Bajo","Corto","Bajo","0","Corto","0","0","Bajo","Medio-Bajo","Medio-Alto","1"
"528","0","Alto","Corto","Alto","0","Corto","0","0","Bajo","Medio-Bajo","Medio-Bajo","1"
"529","0","Alto","Corto","Bajo","0","Corto","0","0","Bajo","Bajo","Bajo","1"
"530","0","Medio","Corto","Bajo","0","Corto","0","0","Bajo","Bajo","Medio-Bajo","1"
"531","0","Medio","Corto","Bajo","0","Corto","0","0","Bajo","Alto","Alto","1"
"532","0","Medio","Corto","Bajo","0","Corto","0","0","Bajo","Alto","Alto","1"
"533","0","Alto","Corto","Alto","0","Corto","0","0","Bajo","Bajo","Bajo","1"
"534","0","Medio","Corto","Bajo","0","Corto","0","0","Medio","Medio-Alto","Alto","1"
"535","1","Medio","Medio","Medio","0","Corto","0","0","Bajo","Medio-Alto","Alto","1"
"536","1","Medio","Medio","Bajo","0","Corto","0","0","Bajo","Alto","Alto","1"
"537","0","Medio","Corto","Medio","1","Corto","0","0","Bajo","Bajo","Bajo","1"
"538","0","Medio","Corto","Bajo","0","Corto","0","0","Medio","Medio-Alto","Alto","1"
"539","0","Bajo","Medio","Bajo","0","Corto","0","0","Bajo","Medio-Alto","Alto","1"
"540","0","Medio","Corto","Bajo","0","Corto","0","0","Bajo","Medio-Bajo","Bajo","1"
"541","0","Medio","Corto","Medio","0","Corto","0","0","Bajo","Medio-Alto","Medio-Alto","1"
"542","0","Medio","Medio","Bajo","0","Corto","0","0","Medio","Medio-Bajo","Medio-Alto","1"
"543","0","Medio","Corto","Bajo","0","Corto","0","0","Bajo","Bajo","Bajo","1"
"544","0","Medio","Corto","Bajo","0","Corto","0","0","Bajo","Medio-Bajo","Bajo","1"
"545","0","Medio","Medio","Bajo","0","Corto","0","1","Bajo","Bajo","Bajo","1"
"546","0","Medio","Corto","Bajo","0","Corto","0","0","Bajo","Medio-Bajo","Medio-Bajo","1"
"547","0","Medio","Corto","Bajo","0","Corto","0","0","Bajo","Medio-Bajo","Medio-Alto","1"
"548","0","Alto","Corto","Alto","1","Corto","0","0","Bajo","Bajo","Medio-Bajo","1"
"549","0","Bajo","Corto","Bajo","1","Corto","0","0","Bajo","Alto","Alto","1"
"550","0","Medio","Corto","Bajo","0","Corto","0","0","Bajo","Medio-Bajo","Medio-Bajo","1"
"551","1","Medio","Corto","Bajo","0","Corto","0","1","Bajo","Bajo","Bajo","1"
"552","0","Medio","Corto","Medio","1","Corto","0","0","Bajo","Medio-Bajo","Bajo","1"
"553","0","Medio","Corto","Bajo","0","Corto","0","1","Bajo","Medio-Alto","Alto","1"
"554","0","Alto","Corto","Bajo","0","Corto","0","0","Bajo","Bajo","Medio-Alto","1"
"555","1","Alto","Corto","Medio","0","Corto","0","0","Medio","Medio-Bajo","Medio-Bajo","1"
"556","1","Medio","Corto","Medio","0","Corto","0","0","Bajo","Bajo","Bajo","1"
"557","0","Medio","Corto","Medio","1","Corto","0","0","Bajo","Bajo","Bajo","1"
"558","1","Medio","Corto","Medio","0","Corto","0","0","Bajo","Medio-Bajo","Medio-Alto","1"
"559","1","Bajo","Corto","Bajo","0","Corto","0","0","Bajo","Medio-Bajo","Bajo","1"
"560","1","Medio","Corto","Medio","0","Corto","0","0","Medio","Medio-Bajo","Medio-Bajo","1"
"561","1","Bajo","Medio","Medio","0","Corto","0","1","Medio","Bajo","Medio-Bajo","1"
"562","0","Alto","Medio","Medio","0","Corto","0","0","Bajo","Medio-Bajo","Medio-Bajo","1"
"563","0","Alto","Corto","Bajo","0","Corto","0","1","Bajo","Medio-Bajo","Medio-Alto","1"
"564","1","Medio","Medio","Bajo","0","Corto","0","0","Medio","Medio-Bajo","Medio-Bajo","1"
"565","1","Medio","Corto","Medio","0","Corto","0","0","Bajo","Bajo","Bajo","1"
"566","1","Alto","Corto","Alto","0","Corto","0","0","Medio","Medio-Bajo","Medio-Alto","1"
"567","1","Medio","Corto","Bajo","0","Corto","0","0","Bajo","Medio-Bajo","Alto","1"
"568","1","Medio","Corto","Bajo","0","Corto","0","1","Alto","Bajo","Medio-Bajo","1"
"569","1","Medio","Corto","Bajo","0","Corto","0","0","Bajo","Medio-Bajo","Medio-Bajo","1"
"570","1","Medio","Medio","Bajo","0","Corto","0","0","Medio","Medio-Bajo","Alto","1"
"571","1","Medio","Corto","Bajo","0","Corto","0","0","Bajo","Bajo","Medio-Bajo","1"
"572","1","Alto","Corto","Medio","0","Corto","0","0","Medio","Medio-Alto","Alto","1"
"573","1","Medio","Corto","Medio","0","Corto","0","0","Medio","Medio-Bajo","Medio-Bajo","1"
"574","1","Alto","Medio","Bajo","0","Corto","0","0","Bajo","Medio-Bajo","Medio-Alto","1"
"575","1","Alto","Corto","Bajo","0","Corto","0","0","Bajo","Medio-Bajo","Medio-Bajo","1"
"576","1","Medio","Corto","Bajo","0","Corto","0","0","Bajo","Medio-Bajo","Medio-Alto","1"
